"LID","WordOrderSPLex","WordOrderSPBasicLex","WordOrderSVBasicLex","PositionVBasicLex","WordOrderSPVBasicLex","PositionVBasicLex.binned.v4","PositionVBasicLex.binned.v1","PositionVBasicLex.binned.v3","PositionVBasicLex.binned.v2","WordOrderPVBasicLex","WordOrderSPSecondaryLex","WordOrderSVSecondaryLex","PositionVSecondaryLex","WordOrderSPVSecondaryLex","PositionVSecondaryLex.binned.v4","PositionVSecondaryLex.binned.v1","PositionVSecondaryLex.binned.v3","PositionVSecondaryLex.binned.v2","WordOrderPVSecondaryLex","VFinalLex","VFinalOrFreeLex","WordOrderSPVLexFlexible","VInitialLex","VMedialLex","WordOrderSVBasicLex","WordOrderSVSecondaryLex"
70,"mixed","OS","head-dep","V=1","VOS","non_final","other","initial","other","head-dep","SO","head-dep","V=1","VSO","non_final","other","initial","other","head-dep","mixed","mixed","flexible","mixed","mixed","VS","SV"
370,"SO","SO","dep-head","V=3","SOV","final","final_or_free","other","other","dep-head",,,,,,,,,,"final","final_or_free","rigid","other","other",,
152,,,,"free","free",,"final_or_free","other","other",,,,,,,,,,,,"final_or_free","free","other","other","free",
9,,,,"free","free",,"final_or_free","other","other",,,,,,,,,,,,"final_or_free","free","other","other","free",
566,,,,"free","free",,"final_or_free","other","other",,,,,,,,,,,,"final_or_free","free","other","other","free",
90,"mixed","SO","dep-head","V=3","SOV","final","final_or_free","other","other","dep-head","OS","head-dep","V=2","OVS","non_final","other","other","medial","dep-head","mixed","mixed","flexible","mixed","mixed","free",
79,,,,"free","free",,"final_or_free","other","other",,,,,,,,,,,,"final_or_free","free","other","other","free",
59,,,,"free","free",,"final_or_free","other","other",,,,,,,,,,,,"final_or_free","free","other","other","free",
538,"SO","SO","dep-head","V=2","SVO","non_final","other","other","medial","head-dep",,,,,,,,,,"non_final","other","rigid","other","medial","SV",
10,,,,"free","free",,"final_or_free","other","other",,,,,,,,,,,,"final_or_free","free","other","other","SV",
1,"SO","SO","dep-head","V=3","SOV","final","final_or_free","other","other","dep-head",,,,,,,,,,"final","final_or_free","rigid","other","other","SV",
173,"OS","OS","head-dep","V=2","OVS","non_final","other","other","medial","dep-head",,,,,,,,,,"non_final","other","rigid","other","medial","SV",
2050,"SO","SO","dep-head","V=2","SVO","non_final","other","other","medial","head-dep",,,,,,,,,,"non_final","other","rigid","other","medial","SV",
428,,,,"free","free",,"final_or_free","other","other",,,,,,,,,,,,"final_or_free","free","other","other","SV",
2124,"SO","SO","dep-head","V=2","SVO","non_final","other","other","medial","head-dep",,,,,,,,,,"non_final","other","rigid","other","medial","SV",
2306,"SO","SO","dep-head","V=2","SVO","non_final","other","other","medial","head-dep",,,,,,,,,,"non_final","other","rigid","other","medial","VS",
2145,"SO","SO","dep-head","V=2","SVO","non_final","other","other","medial","head-dep",,,,,,,,,,"non_final","other","rigid","other","medial","VS",
372,"SO","SO","dep-head","V=2","SVO","non_final","other","other","medial","head-dep",,,,,,,,,,"non_final","other","rigid","other","medial","VS",
329,"mixed","SO","dep-head","V=2","SVO","non_final","other","other","medial","head-dep","OS","head-dep","V=2","OVS","non_final","other","other","medial","dep-head","mixed","mixed","flexible","mixed","mixed","VS",
77,"mixed","OS","head-dep","V=1","VOS","non_final","other","initial","other","head-dep","SO","head-dep","V=1","VSO","non_final","other","initial","other","head-dep","mixed","mixed","flexible","mixed","mixed","VS",
176,,,,"free","free",,"final_or_free","other","other",,,,,,,,,,,,"final_or_free","free","other","other","VS",
461,,,,"free","free",,"final_or_free","other","other",,,,,,,,,,,,"final_or_free","free","other","other","VS",
572,"SO","SO","dep-head","V=2","SVO","non_final","other","other","medial","head-dep",,,,,,,,,,"non_final","other","rigid","other","medial","VS",
131,"SO","SO","dep-head","V=3","SOV","final","final_or_free","other","other","dep-head",,,,,,,,,,"final","final_or_free","rigid","other","other","VS",
2308,"SO","SO","dep-head","V=2","SVO","non_final","other","other","medial","head-dep",,,,,,,,,,"non_final","other","rigid","other","medial","VS",
432,"mixed","OS","head-dep","V=2","OVS","non_final","other","other","medial","dep-head","OS","head-dep","V=1","VOS","non_final","other","initial","other","head-dep","mixed","mixed","flexible","mixed","mixed","VS",
150,,,,"free","free",,"final_or_free","other","other",,,,,,,,,,,,"final_or_free","free","other","other","VS",
47,"OS","OS","head-dep","V=1","VOS","non_final","other","initial","other","head-dep",,,,,,,,,,"non_final","other","rigid","initial","other","VS",
665,,,"head-dep","V=1","Vxx","non_final","other","initial","other","head-dep",,,,,,,,,,"non_final","other","flexible","initial","other","VS",
141,"SO","SO","dep-head","V=3","SOV","final","final_or_free","other","other","dep-head",,,,,,,,,,"final","final_or_free","rigid","other","other",,
23,"SO","SO","head-dep","V=1","VSO","non_final","other","initial","other","head-dep",,,,,,,,,,"non_final","other","rigid","initial","other",,
166,"SO","SO","dep-head","V=2","SVO","non_final","other","other","medial","head-dep",,,,,,,,,,"non_final","other","rigid","other","medial",,
340,"SO","SO","dep-head","V=2","SVO","non_final","other","other","medial","head-dep",,,,,,,,,,"non_final","other","rigid","other","medial",,
2023,"mixed","SO","dep-head","V=2","SVO","non_final","other","other","medial","head-dep","OS","head-dep","V=1","VOS","non_final","other","initial","other","head-dep","mixed","mixed","flexible","mixed","mixed",,
433,"SO","SO","dep-head","V=3","SOV","final","final_or_free","other","other","dep-head",,,,,,,,,,"final","final_or_free","rigid","other","other",,
612,"mixed",,,"free","free",,"final_or_free","other","other",,"SO","dep-head","V=3","SOV","final","final_or_free","other","other","dep-head","mixed","mixed","free","mixed","mixed",,
107,"mixed","SO","dep-head","V=2","SVO","non_final","other","other","medial","head-dep","SO","dep-head","V=3","SOV","final","final_or_free","other","other","dep-head","mixed","mixed","flexible","mixed","mixed",,
844,"mixed","SO",,"V=2","V-2","non_final","other","other","medial",,"SO","dep-head","V=3","SOV","final","final_or_free","other","other","dep-head","mixed","mixed","flexible","mixed","mixed",,
51,"mixed","SO","dep-head","V=2","SVO","non_final","other","other","medial","head-dep","SO","dep-head","V=3","SOV","final","final_or_free","other","other","dep-head","mixed","mixed","flexible","mixed","mixed",,
133,"mixed","OS","dep-head","V=3","OSV","final","final_or_free","other","other","dep-head","SO","dep-head","V=3","SOV","final","final_or_free","other","other","dep-head","mixed","mixed","flexible","mixed","mixed",,
114,"mixed","SO",,"V=2","V-2","non_final","other","other","medial",,"SO","dep-head","V=3","SOV","final","final_or_free","other","other","dep-head","mixed","mixed","flexible","mixed","mixed",,
87,"mixed","SO",,"V=2","V-2","non_final","other","other","medial",,"SO","dep-head","V=3","SOV","final","final_or_free","other","other","dep-head","mixed","mixed","flexible","mixed","mixed",,
111,"mixed","SO","head-dep","V=1","VSO","non_final","other","initial","other","head-dep","SO","dep-head","V=2","SVO","non_final","other","other","medial","head-dep","mixed","mixed","flexible","mixed","mixed",,
325,"mixed","SO","dep-head","V=3","SOV","final","final_or_free","other","other","dep-head","SO","dep-head","V=2","SVO","non_final","other","other","medial","head-dep","mixed","mixed","flexible","mixed","mixed",,
86,"mixed","SO","dep-head","V=3","SOV","final","final_or_free","other","other","dep-head","SO","dep-head","V=2","SVO","non_final","other","other","medial","head-dep","mixed","mixed","flexible","mixed","mixed",,
139,"mixed","SO","dep-head","V=3","SOV","final","final_or_free","other","other","dep-head","SO","dep-head","V=2","SVO","non_final","other","other","medial","head-dep","mixed","mixed","flexible","mixed","mixed",,
163,"mixed","SO","dep-head","V=3","SOV","final","final_or_free","other","other","dep-head","SO","dep-head","V=2","SVO","non_final","other","other","medial","head-dep","mixed","mixed","flexible","mixed","mixed",,
1528,"mixed","SO","head-dep","V=1","VSO","non_final","other","initial","other","head-dep","SO","dep-head","V=2","SVO","non_final","other","other","medial","head-dep","mixed","mixed","flexible","mixed","mixed",,
502,"SO","SO","dep-head","V=3","SOV","final","final_or_free","other","other","dep-head",,,,,,,,,,"final","final_or_free","rigid","other","other",,
429,"SO","SO","dep-head","V=3","SOV","final","final_or_free","other","other","dep-head",,,,,,,,,,"final","final_or_free","rigid","other","other",,
2779,"SO","SO","dep-head","V=3","SOV","final","final_or_free","other","other","dep-head",,,,,,,,,,"final","final_or_free","rigid","other","other",,
6,"SO","SO","dep-head","V=3","SOV","final","final_or_free","other","other","dep-head",,,,,,,,,,"final","final_or_free","rigid","other","other",,
872,"SO","SO","dep-head","V=3","SOV","final","final_or_free","other","other","dep-head",,,,,,,,,,"final","final_or_free","rigid","other","other",,
444,"mixed","SO","dep-head","V=2","SVO","non_final","other","other","medial","head-dep","OS","head-dep","V=1","VOS","non_final","other","initial","other","head-dep","mixed","mixed","flexible","mixed","mixed",,
155,"SO","SO","dep-head","V=3","SOV","final","final_or_free","other","other","dep-head",,,,,,,,,,"final","final_or_free","rigid","other","other",,
93,"mixed","SO","dep-head","V=3","SOV","final","final_or_free","other","other","dep-head",,,"free","free",,"final_or_free","other","other",,"mixed","final_or_free","free","mixed","mixed",,
691,"SO","SO","dep-head","V=3","SOV","final","final_or_free","other","other","dep-head",,,,,,,,,,"final","final_or_free","rigid","other","other",,
14,"SO","SO","dep-head","V=3","SOV","final","final_or_free","other","other","dep-head",,,,,,,,,,"final","final_or_free","rigid","other","other",,
413,"SO","SO","dep-head","V=3","SOV","final","final_or_free","other","other","dep-head",,,,,,,,,,"final","final_or_free","rigid","other","other",,
396,"SO","SO","dep-head","V=3","SOV","final","final_or_free","other","other","dep-head",,,,,,,,,,"final","final_or_free","rigid","other","other",,
109,"SO","SO","dep-head","V=3","SOV","final","final_or_free","other","other","dep-head",,,,,,,,,,"final","final_or_free","rigid","other","other",,
132,"SO","SO","dep-head","V=3","SOV","final","final_or_free","other","other","dep-head",,,,,,,,,,"final","final_or_free","rigid","other","other",,
501,"SO","SO","dep-head","V=3","SOV","final","final_or_free","other","other","dep-head",,,,,,,,,,"final","final_or_free","rigid","other","other",,
395,"SO","SO","dep-head","V=3","SOV","final","final_or_free","other","other","dep-head",,,,,,,,,,"final","final_or_free","rigid","other","other",,
134,"SO","SO","dep-head","V=3","SOV","final","final_or_free","other","other","dep-head",,,,,,,,,,"final","final_or_free","rigid","other","other",,
33,"SO","SO","dep-head","V=3","SOV","final","final_or_free","other","other","dep-head",,,,,,,,,,"final","final_or_free","rigid","other","other",,
518,"SO","SO","dep-head","V=3","SOV","final","final_or_free","other","other","dep-head",,,,,,,,,,"final","final_or_free","rigid","other","other",,
115,"SO","SO","dep-head","V=3","SOV","final","final_or_free","other","other","dep-head",,,,,,,,,,"final","final_or_free","rigid","other","other",,
347,"SO","SO","dep-head","V=3","SOV","final","final_or_free","other","other","dep-head",,,,,,,,,,"final","final_or_free","rigid","other","other",,
207,"SO","SO","dep-head","V=3","SOV","final","final_or_free","other","other","dep-head",,,,,,,,,,"final","final_or_free","rigid","other","other",,
100,"SO","SO","dep-head","V=3","SOV","final","final_or_free","other","other","dep-head",,,,,,,,,,"final","final_or_free","rigid","other","other",,
156,"SO","SO","dep-head","V=3","SOV","final","final_or_free","other","other","dep-head",,,,,,,,,,"final","final_or_free","rigid","other","other",,
358,"SO","SO","dep-head","V=3","SOV","final","final_or_free","other","other","dep-head",,,,,,,,,,"final","final_or_free","rigid","other","other",,
463,"SO","SO","dep-head","V=3","SOV","final","final_or_free","other","other","dep-head",,,,,,,,,,"final","final_or_free","rigid","other","other",,
339,"SO","SO","dep-head","V=3","SOV","final","final_or_free","other","other","dep-head",,,,,,,,,,"final","final_or_free","rigid","other","other",,
197,"SO","SO","dep-head","V=3","SOV","final","final_or_free","other","other","dep-head",,,,,,,,,,"final","final_or_free","rigid","other","other",,
363,"SO","SO","dep-head","V=3","SOV","final","final_or_free","other","other","dep-head",,,,,,,,,,"final","final_or_free","rigid","other","other",,
608,"SO","SO","dep-head","V=3","SOV","final","final_or_free","other","other","dep-head",,,,,,,,,,"final","final_or_free","rigid","other","other",,
534,"SO","SO","dep-head","V=3","SOV","final","final_or_free","other","other","dep-head",,,,,,,,,,"final","final_or_free","rigid","other","other",,
130,"SO","SO","dep-head","V=3","SOV","final","final_or_free","other","other","dep-head",,,,,,,,,,"final","final_or_free","rigid","other","other",,
525,"SO","SO","dep-head","V=3","SOV","final","final_or_free","other","other","dep-head",,,,,,,,,,"final","final_or_free","rigid","other","other",,
38,"SO","SO","dep-head","V=3","SOV","final","final_or_free","other","other","dep-head",,,,,,,,,,"final","final_or_free","rigid","other","other",,
497,"SO","SO","dep-head","V=3","SOV","final","final_or_free","other","other","dep-head",,,,,,,,,,"final","final_or_free","rigid","other","other",,
103,"SO","SO","dep-head","V=3","SOV","final","final_or_free","other","other","dep-head",,,,,,,,,,"final","final_or_free","rigid","other","other",,
2983,"SO","SO","dep-head","V=3","SOV","final","final_or_free","other","other","dep-head",,,,,,,,,,"final","final_or_free","rigid","other","other",,
646,"SO","SO","dep-head","V=3","SOV","final","final_or_free","other","other","dep-head",,,,,,,,,,"final","final_or_free","rigid","other","other",,
648,"SO","SO","dep-head","V=3","SOV","final","final_or_free","other","other","dep-head",,,,,,,,,,"final","final_or_free","rigid","other","other",,
172,"SO","SO","dep-head","V=3","SOV","final","final_or_free","other","other","dep-head",,,,,,,,,,"final","final_or_free","rigid","other","other",,
377,"SO","SO","dep-head","V=3","SOV","final","final_or_free","other","other","dep-head",,,,,,,,,,"final","final_or_free","rigid","other","other",,
142,"SO","SO","dep-head","V=3","SOV","final","final_or_free","other","other","dep-head",,,,,,,,,,"final","final_or_free","rigid","other","other",,
2919,"SO","SO","dep-head","V=3","SOV","final","final_or_free","other","other","dep-head",,,,,,,,,,"final","final_or_free","rigid","other","other",,
2930,"SO","SO","dep-head","V=3","SOV","final","final_or_free","other","other","dep-head",,,,,,,,,,"final","final_or_free","rigid","other","other",,
223,"SO","SO","dep-head","V=3","SOV","final","final_or_free","other","other","dep-head",,,,,,,,,,"final","final_or_free","rigid","other","other",,
641,"SO","SO","dep-head","V=3","SOV","final","final_or_free","other","other","dep-head",,,,,,,,,,"final","final_or_free","rigid","other","other",,
225,"SO","SO","dep-head","V=3","SOV","final","final_or_free","other","other","dep-head",,,,,,,,,,"final","final_or_free","rigid","other","other",,
199,"SO","SO","dep-head","V=3","SOV","final","final_or_free","other","other","dep-head",,,,,,,,,,"final","final_or_free","rigid","other","other",,
64,"SO","SO","dep-head","V=3","SOV","final","final_or_free","other","other","dep-head",,,,,,,,,,"final","final_or_free","rigid","other","other",,
50,"SO","SO","dep-head","V=3","SOV","final","final_or_free","other","other","dep-head",,,,,,,,,,"final","final_or_free","rigid","other","other",,
1531,"SO","SO","dep-head","V=3","SOV","final","final_or_free","other","other","dep-head",,,,,,,,,,"final","final_or_free","rigid","other","other",,
69,"SO","SO","dep-head","V=3","SOV","final","final_or_free","other","other","dep-head",,,,,,,,,,"final","final_or_free","rigid","other","other",,
323,"SO","SO","dep-head","V=3","SOV","final","final_or_free","other","other","dep-head",,,,,,,,,,"final","final_or_free","rigid","other","other",,
28,"SO","SO","dep-head","V=3","SOV","final","final_or_free","other","other","dep-head",,,,,,,,,,"final","final_or_free","rigid","other","other",,
352,"SO","SO","dep-head","V=3","SOV","final","final_or_free","other","other","dep-head",,,,,,,,,,"final","final_or_free","rigid","other","other",,
20,"SO","SO","dep-head","V=3","SOV","final","final_or_free","other","other","dep-head",,,,,,,,,,"final","final_or_free","rigid","other","other",,
505,"SO","SO","dep-head","V=3","SOV","final","final_or_free","other","other","dep-head",,,,,,,,,,"final","final_or_free","rigid","other","other",,
2971,"SO","SO","dep-head","V=3","SOV","final","final_or_free","other","other","dep-head",,,,,,,,,,"final","final_or_free","rigid","other","other",,
393,"SO","SO","dep-head","V=3","SOV","final","final_or_free","other","other","dep-head",,,,,,,,,,"final","final_or_free","rigid","other","other",,
54,"SO","SO","dep-head","V=3","SOV","final","final_or_free","other","other","dep-head",,,,,,,,,,"final","final_or_free","rigid","other","other",,
118,"SO","SO","dep-head","V=3","SOV","final","final_or_free","other","other","dep-head",,,,,,,,,,"final","final_or_free","rigid","other","other",,
191,"SO","SO","dep-head","V=3","SOV","final","final_or_free","other","other","dep-head",,,,,,,,,,"final","final_or_free","rigid","other","other",,
368,"SO","SO","dep-head","V=3","SOV","final","final_or_free","other","other","dep-head",,,,,,,,,,"final","final_or_free","rigid","other","other",,
116,"SO","SO","dep-head","V=3","SOV","final","final_or_free","other","other","dep-head",,,,,,,,,,"final","final_or_free","rigid","other","other",,
676,"SO","SO","dep-head","V=3","SOV","final","final_or_free","other","other","dep-head",,,,,,,,,,"final","final_or_free","rigid","other","other",,
21,"SO","SO","dep-head","V=3","SOV","final","final_or_free","other","other","dep-head",,,,,,,,,,"final","final_or_free","rigid","other","other",,
40,"SO","SO","dep-head","V=3","SOV","final","final_or_free","other","other","dep-head",,,,,,,,,,"final","final_or_free","rigid","other","other",,
324,"SO","SO","dep-head","V=3","SOV","final","final_or_free","other","other","dep-head",,,,,,,,,,"final","final_or_free","rigid","other","other",,
126,"SO","SO","dep-head","V=3","SOV","final","final_or_free","other","other","dep-head",,,,,,,,,,"final","final_or_free","rigid","other","other",,
201,"SO","SO","dep-head","V=3","SOV","final","final_or_free","other","other","dep-head",,,,,,,,,,"final","final_or_free","rigid","other","other",,
73,"SO","SO","dep-head","V=3","SOV","final","final_or_free","other","other","dep-head",,,,,,,,,,"final","final_or_free","rigid","other","other",,
640,"SO","SO","dep-head","V=3","SOV","final","final_or_free","other","other","dep-head",,,,,,,,,,"final","final_or_free","rigid","other","other",,
32,"SO","SO","dep-head","V=3","SOV","final","final_or_free","other","other","dep-head",,,,,,,,,,"final","final_or_free","rigid","other","other",,
200,"SO","SO","dep-head","V=3","SOV","final","final_or_free","other","other","dep-head",,,,,,,,,,"final","final_or_free","rigid","other","other",,
628,"SO","SO","dep-head","V=3","SOV","final","final_or_free","other","other","dep-head",,,,,,,,,,"final","final_or_free","rigid","other","other",,
45,"SO","SO","dep-head","V=3","SOV","final","final_or_free","other","other","dep-head",,,,,,,,,,"final","final_or_free","rigid","other","other",,
391,"SO","SO","dep-head","V=3","SOV","final","final_or_free","other","other","dep-head",,,,,,,,,,"final","final_or_free","rigid","other","other",,
690,"SO","SO","dep-head","V=3","SOV","final","final_or_free","other","other","dep-head",,,,,,,,,,"final","final_or_free","rigid","other","other",,
95,"SO","SO","dep-head","V=3","SOV","final","final_or_free","other","other","dep-head",,,,,,,,,,"final","final_or_free","rigid","other","other",,
649,"SO","SO","dep-head","V=3","SOV","final","final_or_free","other","other","dep-head",,,,,,,,,,"final","final_or_free","rigid","other","other",,
184,"SO","SO","dep-head","V=3","SOV","final","final_or_free","other","other","dep-head",,,,,,,,,,"final","final_or_free","rigid","other","other",,
350,"SO","SO","dep-head","V=3","SOV","final","final_or_free","other","other","dep-head",,,,,,,,,,"final","final_or_free","rigid","other","other",,
375,"SO","SO","dep-head","V=3","SOV","final","final_or_free","other","other","dep-head",,,,,,,,,,"final","final_or_free","rigid","other","other",,
35,"SO","SO","dep-head","V=3","SOV","final","final_or_free","other","other","dep-head",,,,,,,,,,"final","final_or_free","rigid","other","other",,
550,"SO","SO","dep-head","V=3","SOV","final","final_or_free","other","other","dep-head",,,,,,,,,,"final","final_or_free","rigid","other","other",,
465,"SO","SO","dep-head","V=3","SOV","final","final_or_free","other","other","dep-head",,,,,,,,,,"final","final_or_free","rigid","other","other",,
326,"SO","SO","dep-head","V=3","SOV","final","final_or_free","other","other","dep-head",,,,,,,,,,"final","final_or_free","rigid","other","other",,
580,"SO","SO","dep-head","V=3","SOV","final","final_or_free","other","other","dep-head",,,,,,,,,,"final","final_or_free","rigid","other","other",,
228,"SO","SO","dep-head","V=3","SOV","final","final_or_free","other","other","dep-head",,,,,,,,,,"final","final_or_free","rigid","other","other",,
81,"SO","SO","dep-head","V=3","SOV","final","final_or_free","other","other","dep-head",,,,,,,,,,"final","final_or_free","rigid","other","other",,
196,"SO","SO","dep-head","V=3","SOV","final","final_or_free","other","other","dep-head",,,,,,,,,,"final","final_or_free","rigid","other","other",,
514,"SO","SO","dep-head","V=3","SOV","final","final_or_free","other","other","dep-head",,,,,,,,,,"final","final_or_free","rigid","other","other",,
663,"SO","SO","dep-head","V=3","SOV","final","final_or_free","other","other","dep-head",,,,,,,,,,"final","final_or_free","rigid","other","other",,
146,"SO","SO","dep-head","V=3","SOV","final","final_or_free","other","other","dep-head",,,,,,,,,,"final","final_or_free","rigid","other","other",,
387,"SO","SO","dep-head","V=3","SOV","final","final_or_free","other","other","dep-head",,,,,,,,,,"final","final_or_free","rigid","other","other",,
666,"SO","SO","dep-head","V=3","SOV","final","final_or_free","other","other","dep-head",,,,,,,,,,"final","final_or_free","rigid","other","other",,
397,"SO","SO","dep-head","V=3","SOV","final","final_or_free","other","other","dep-head",,,,,,,,,,"final","final_or_free","rigid","other","other",,
61,"SO","SO","dep-head","V=3","SOV","final","final_or_free","other","other","dep-head",,,,,,,,,,"final","final_or_free","rigid","other","other",,
423,"SO","SO","dep-head","V=3","SOV","final","final_or_free","other","other","dep-head",,,,,,,,,,"final","final_or_free","rigid","other","other",,
407,"SO","SO","dep-head","V=3","SOV","final","final_or_free","other","other","dep-head",,,,,,,,,,"final","final_or_free","rigid","other","other",,
12,"SO","SO","dep-head","V=3","SOV","final","final_or_free","other","other","dep-head",,,,,,,,,,"final","final_or_free","rigid","other","other",,
2031,"SO","SO","dep-head","V=3","SOV","final","final_or_free","other","other","dep-head",,,,,,,,,,"final","final_or_free","rigid","other","other",,
2500,"SO","SO","dep-head","V=3","SOV","final","final_or_free","other","other","dep-head",,,,,,,,,,"final","final_or_free","rigid","other","other",,
355,"SO","SO","dep-head","V=3","SOV","final","final_or_free","other","other","dep-head",,,,,,,,,,"final","final_or_free","rigid","other","other",,
72,"SO","SO","dep-head","V=3","SOV","final","final_or_free","other","other","dep-head",,,,,,,,,,"final","final_or_free","rigid","other","other",,
18,"SO","SO","dep-head","V=3","SOV","final","final_or_free","other","other","dep-head",,,,,,,,,,"final","final_or_free","rigid","other","other",,
136,"SO","SO","dep-head","V=3","SOV","final","final_or_free","other","other","dep-head",,,,,,,,,,"final","final_or_free","rigid","other","other",,
2862,"SO","SO","dep-head","V=3","SOV","final","final_or_free","other","other","dep-head",,,,,,,,,,"final","final_or_free","rigid","other","other",,
34,"SO","SO","dep-head","V=3","SOV","final","final_or_free","other","other","dep-head",,,,,,,,,,"final","final_or_free","rigid","other","other",,
639,"SO","SO","dep-head","V=3","SOV","final","final_or_free","other","other","dep-head",,,,,,,,,,"final","final_or_free","rigid","other","other",,
418,"SO","SO","dep-head","V=3","SOV","final","final_or_free","other","other","dep-head",,,,,,,,,,"final","final_or_free","rigid","other","other",,
221,"SO","SO","dep-head","V=3","SOV","final","final_or_free","other","other","dep-head",,,,,,,,,,"final","final_or_free","rigid","other","other",,
168,"SO","SO","dep-head","V=3","SOV","final","final_or_free","other","other","dep-head",,,,,,,,,,"final","final_or_free","rigid","other","other",,
440,"SO","SO","dep-head","V=3","SOV","final","final_or_free","other","other","dep-head",,,,,,,,,,"final","final_or_free","rigid","other","other",,
2935,"SO","SO","dep-head","V=3","SOV","final","final_or_free","other","other","dep-head",,,,,,,,,,"final","final_or_free","rigid","other","other",,
26,"SO","SO","dep-head","V=3","SOV","final","final_or_free","other","other","dep-head",,,,,,,,,,"final","final_or_free","rigid","other","other",,
2980,"SO","SO","dep-head","V=3","SOV","final","final_or_free","other","other","dep-head",,,,,,,,,,"final","final_or_free","rigid","other","other",,
454,"SO","SO","dep-head","V=3","SOV","final","final_or_free","other","other","dep-head",,,,,,,,,,"final","final_or_free","rigid","other","other",,
2984,"SO","SO","dep-head","V=3","SOV","final","final_or_free","other","other","dep-head",,,,,,,,,,"final","final_or_free","rigid","other","other",,
348,"SO","SO","dep-head","V=3","SOV","final","final_or_free","other","other","dep-head",,,,,,,,,,"final","final_or_free","rigid","other","other",,
635,"SO","SO","dep-head","V=3","SOV","final","final_or_free","other","other","dep-head",,,,,,,,,,"final","final_or_free","rigid","other","other",,
1692,"SO","SO","dep-head","V=3","SOV","final","final_or_free","other","other","dep-head",,,,,,,,,,"final","final_or_free","rigid","other","other",,
1276,"SO","SO","dep-head","V=3","SOV","final","final_or_free","other","other","dep-head",,,,,,,,,,"final","final_or_free","rigid","other","other",,
108,"OS","OS","dep-head","V=3","OSV","final","final_or_free","other","other","dep-head",,,,,,,,,,"final","final_or_free","rigid","other","other",,
2969,"SO","SO","head-dep","V=1","VSO","non_final","other","initial","other","head-dep",,,,,,,,,,"non_final","other","rigid","initial","other",,
165,"SO","SO","dep-head","V=2","SVO","non_final","other","other","medial","head-dep",,,,,,,,,,"non_final","other","rigid","other","medial",,
145,"SO","SO","dep-head","V=3","SOV","final","final_or_free","other","other","dep-head",,,,,,,,,,"final","final_or_free","rigid","other","other",,
494,"SO","SO","dep-head","V=2","SVO","non_final","other","other","medial","head-dep",,,,,,,,,,"non_final","other","rigid","other","medial",,
2925,"SO","SO","dep-head","V=3","SOV","final","final_or_free","other","other","dep-head",,,,,,,,,,"final","final_or_free","rigid","other","other",,
205,"SO","SO","dep-head","V=3","SOV","final","final_or_free","other","other","dep-head",,,,,,,,,,"final","final_or_free","rigid","other","other",,
469,"SO","SO","dep-head","V=3","SOV","final","final_or_free","other","other","dep-head",,,,,,,,,,"final","final_or_free","rigid","other","other",,
170,"SO","SO","dep-head","V=3","SOV","final","final_or_free","other","other","dep-head",,,,,,,,,,"final","final_or_free","rigid","other","other",,
618,"SO","SO","dep-head","V=3","SOV","final","final_or_free","other","other","dep-head",,,,,,,,,,"final","final_or_free","rigid","other","other",,
1143,"SO","SO","dep-head","V=3","SOV","final","final_or_free","other","other","dep-head",,,,,,,,,,"final","final_or_free","rigid","other","other",,
182,"SO","SO","dep-head","V=2","SVO","non_final","other","other","medial","head-dep",,,,,,,,,,"non_final","other","rigid","other","medial",,
135,"SO","SO","dep-head","V=3","SOV","final","final_or_free","other","other","dep-head",,,,,,,,,,"final","final_or_free","rigid","other","other",,
188,"SO","SO","dep-head","V=3","SOV","final","final_or_free","other","other","dep-head",,,,,,,,,,"final","final_or_free","rigid","other","other",,
385,"SO","SO","dep-head","V=3","SOV","final","final_or_free","other","other","dep-head",,,,,,,,,,"final","final_or_free","rigid","other","other",,
379,"SO","SO","dep-head","V=3","SOV","final","final_or_free","other","other","dep-head",,,,,,,,,,"final","final_or_free","rigid","other","other",,
129,"SO","SO","dep-head","V=3","SOV","final","final_or_free","other","other","dep-head",,,,,,,,,,"final","final_or_free","rigid","other","other",,
481,"SO","SO","dep-head","V=3","SOV","final","final_or_free","other","other","dep-head",,,,,,,,,,"final","final_or_free","rigid","other","other",,
202,"SO","SO","dep-head","V=3","SOV","final","final_or_free","other","other","dep-head",,,,,,,,,,"final","final_or_free","rigid","other","other",,
345,"SO","SO","dep-head","V=3","SOV","final","final_or_free","other","other","dep-head",,,,,,,,,,"final","final_or_free","rigid","other","other",,
631,"SO","SO","dep-head","V=3","SOV","final","final_or_free","other","other","dep-head",,,,,,,,,,"final","final_or_free","rigid","other","other",,
2954,"SO","SO","dep-head","V=2","SVO","non_final","other","other","medial","head-dep",,,,,,,,,,"non_final","other","rigid","other","medial",,
382,"SO","SO","dep-head","V=3","SOV","final","final_or_free","other","other","dep-head",,,,,,,,,,"final","final_or_free","rigid","other","other",,
65,"SO","SO","dep-head","V=3","SOV","final","final_or_free","other","other","dep-head",,,,,,,,,,"final","final_or_free","rigid","other","other",,
386,"SO","SO","dep-head","V=3","SOV","final","final_or_free","other","other","dep-head",,,,,,,,,,"final","final_or_free","rigid","other","other",,
434,"SO","SO","dep-head","V=3","SOV","final","final_or_free","other","other","dep-head",,,,,,,,,,"final","final_or_free","rigid","other","other",,
406,"SO","SO","dep-head","V=3","SOV","final","final_or_free","other","other","dep-head",,,,,,,,,,"final","final_or_free","rigid","other","other",,
2993,"SO","SO","dep-head","V=3","SOV","final","final_or_free","other","other","dep-head",,,,,,,,,,"final","final_or_free","rigid","other","other",,
398,,,"dep-head","V=3","xxV","final","final_or_free","other","other","dep-head",,,,,,,,,,"final","final_or_free","flexible","other","other",,
535,"SO","SO","dep-head","V=3","SOV","final","final_or_free","other","other","dep-head",,,,,,,,,,"final","final_or_free","rigid","other","other",,
824,"SO","SO","dep-head","V=3","SOV","final","final_or_free","other","other","dep-head",,,,,,,,,,"final","final_or_free","rigid","other","other",,
441,"SO","SO","dep-head","V=3","SOV","final","final_or_free","other","other","dep-head",,,,,,,,,,"final","final_or_free","rigid","other","other",,
193,"SO","SO","dep-head","V=3","SOV","final","final_or_free","other","other","dep-head",,,,,,,,,,"final","final_or_free","rigid","other","other",,
422,"SO","SO","dep-head","V=3","SOV","final","final_or_free","other","other","dep-head",,,,,,,,,,"final","final_or_free","rigid","other","other",,
443,"SO","SO","dep-head","V=2","SVO","non_final","other","other","medial","head-dep",,,,,,,,,,"non_final","other","rigid","other","medial",,
99,"SO","SO","dep-head","V=3","SOV","final","final_or_free","other","other","dep-head",,,,,,,,,,"final","final_or_free","rigid","other","other",,
599,"SO","SO","dep-head","V=3","SOV","final","final_or_free","other","other","dep-head",,,,,,,,,,"final","final_or_free","rigid","other","other",,
456,"SO","SO","dep-head","V=3","SOV","final","final_or_free","other","other","dep-head",,,,,,,,,,"final","final_or_free","rigid","other","other",,
2992,"SO","SO","dep-head","V=3","SOV","final","final_or_free","other","other","dep-head",,,,,,,,,,"final","final_or_free","rigid","other","other",,
503,"SO","SO","dep-head","V=3","SOV","final","final_or_free","other","other","dep-head",,,,,,,,,,"final","final_or_free","rigid","other","other",,
364,"SO","SO","dep-head","V=3","SOV","final","final_or_free","other","other","dep-head",,,,,,,,,,"final","final_or_free","rigid","other","other",,
519,"SO","SO","dep-head","V=3","SOV","final","final_or_free","other","other","dep-head",,,,,,,,,,"final","final_or_free","rigid","other","other",,
367,"SO","SO","dep-head","V=3","SOV","final","final_or_free","other","other","dep-head",,,,,,,,,,"final","final_or_free","rigid","other","other",,
194,"SO","SO","dep-head","V=3","SOV","final","final_or_free","other","other","dep-head",,,,,,,,,,"final","final_or_free","rigid","other","other",,
656,"SO","SO","dep-head","V=3","SOV","final","final_or_free","other","other","dep-head",,,,,,,,,,"final","final_or_free","rigid","other","other",,
147,"SO","SO","dep-head","V=3","SOV","final","final_or_free","other","other","dep-head",,,,,,,,,,"final","final_or_free","rigid","other","other",,
123,"SO","SO","dep-head","V=3","SOV","final","final_or_free","other","other","dep-head",,,,,,,,,,"final","final_or_free","rigid","other","other",,
660,"SO","SO","dep-head","V=3","SOV","final","final_or_free","other","other","dep-head",,,,,,,,,,"final","final_or_free","rigid","other","other",,
15,"SO","SO","dep-head","V=3","SOV","final","final_or_free","other","other","dep-head",,,,,,,,,,"final","final_or_free","rigid","other","other",,
662,"SO","SO","dep-head","V=3","SOV","final","final_or_free","other","other","dep-head",,,,,,,,,,"final","final_or_free","rigid","other","other",,
3006,"SO","SO","dep-head","V=3","SOV","final","final_or_free","other","other","dep-head",,,,,,,,,,"final","final_or_free","rigid","other","other",,
664,"SO","SO","dep-head","V=3","SOV","final","final_or_free","other","other","dep-head",,,,,,,,,,"final","final_or_free","rigid","other","other",,
154,"SO","SO","dep-head","V=3","SOV","final","final_or_free","other","other","dep-head",,,,,,,,,,"final","final_or_free","rigid","other","other",,
637,"SO","SO","dep-head","V=3","SOV","final","final_or_free","other","other","dep-head",,,,,,,,,,"final","final_or_free","rigid","other","other",,
360,"SO","SO","dep-head","V=3","SOV","final","final_or_free","other","other","dep-head",,,,,,,,,,"final","final_or_free","rigid","other","other",,
2897,"SO","SO","dep-head","V=3","SOV","final","final_or_free","other","other","dep-head",,,,,,,,,,"final","final_or_free","rigid","other","other",,
2918,"SO","SO","dep-head","V=3","SOV","final","final_or_free","other","other","dep-head",,,,,,,,,,"final","final_or_free","rigid","other","other",,
104,"SO","SO","dep-head","V=3","SOV","final","final_or_free","other","other","dep-head",,,,,,,,,,"final","final_or_free","rigid","other","other",,
2929,"SO","SO","dep-head","V=3","SOV","final","final_or_free","other","other","dep-head",,,,,,,,,,"final","final_or_free","rigid","other","other",,
629,"SO","SO","dep-head","V=3","SOV","final","final_or_free","other","other","dep-head",,,,,,,,,,"final","final_or_free","rigid","other","other",,
526,"SO","SO","dep-head","V=3","SOV","final","final_or_free","other","other","dep-head",,,,,,,,,,"final","final_or_free","rigid","other","other",,
2975,"SO","SO","dep-head","V=3","SOV","final","final_or_free","other","other","dep-head",,,,,,,,,,"final","final_or_free","rigid","other","other",,
2681,"SO","SO","dep-head","V=3","SOV","final","final_or_free","other","other","dep-head",,,,,,,,,,"final","final_or_free","rigid","other","other",,
63,"SO","SO","dep-head","V=3","SOV","final","final_or_free","other","other","dep-head",,,,,,,,,,"final","final_or_free","rigid","other","other",,
530,"SO","SO","dep-head","V=3","SOV","final","final_or_free","other","other","dep-head",,,,,,,,,,"final","final_or_free","rigid","other","other",,
36,"SO","SO","dep-head","V=3","SOV","final","final_or_free","other","other","dep-head",,,,,,,,,,"final","final_or_free","rigid","other","other",,
650,"SO","SO","dep-head","V=3","SOV","final","final_or_free","other","other","dep-head",,,,,,,,,,"final","final_or_free","rigid","other","other",,
1263,"SO","SO","dep-head","V=3","SOV","final","final_or_free","other","other","dep-head",,,,,,,,,,"final","final_or_free","rigid","other","other",,
159,"SO","SO","dep-head","V=2","SVO","non_final","other","other","medial","head-dep",,,,,,,,,,"non_final","other","rigid","other","medial",,
354,"SO","SO","dep-head","V=3","SOV","final","final_or_free","other","other","dep-head",,,,,,,,,,"final","final_or_free","rigid","other","other",,
162,"SO","SO","dep-head","V=3","SOV","final","final_or_free","other","other","dep-head",,,,,,,,,,"final","final_or_free","rigid","other","other",,
2924,"SO","SO","dep-head","V=3","SOV","final","final_or_free","other","other","dep-head",,,,,,,,,,"final","final_or_free","rigid","other","other",,
373,"SO","SO","dep-head","V=2","SVO","non_final","other","other","medial","head-dep",,,,,,,,,,"non_final","other","rigid","other","medial",,
7,"SO","SO","dep-head","V=3","SOV","final","final_or_free","other","other","dep-head",,,,,,,,,,"final","final_or_free","rigid","other","other",,
178,"SO","SO","dep-head","V=3","SOV","final","final_or_free","other","other","dep-head",,,,,,,,,,"final","final_or_free","rigid","other","other",,
1516,"SO","SO","dep-head","V=3","SOV","final","final_or_free","other","other","dep-head",,,,,,,,,,"final","final_or_free","rigid","other","other",,
169,"SO","SO","dep-head","V=3","SOV","final","final_or_free","other","other","dep-head",,,,,,,,,,"final","final_or_free","rigid","other","other",,
1592,"SO","SO","dep-head","V=3","SOV","final","final_or_free","other","other","dep-head",,,,,,,,,,"final","final_or_free","rigid","other","other",,
49,"SO","SO","dep-head","V=3","SOV","final","final_or_free","other","other","dep-head",,,,,,,,,,"final","final_or_free","rigid","other","other",,
620,"SO","SO","dep-head","V=3","SOV","final","final_or_free","other","other","dep-head",,,,,,,,,,"final","final_or_free","rigid","other","other",,
1439,"SO","SO","dep-head","V=3","SOV","final","final_or_free","other","other","dep-head",,,,,,,,,,"final","final_or_free","rigid","other","other",,
2873,"SO","SO","dep-head","V=3","SOV","final","final_or_free","other","other","dep-head",,,,,,,,,,"final","final_or_free","rigid","other","other",,
333,"SO","SO","dep-head","V=3","SOV","final","final_or_free","other","other","dep-head",,,,,,,,,,"final","final_or_free","rigid","other","other",,
626,"SO","SO","dep-head","V=3","SOV","final","final_or_free","other","other","dep-head",,,,,,,,,,"final","final_or_free","rigid","other","other",,
567,"SO","SO","dep-head","V=3","SOV","final","final_or_free","other","other","dep-head",,,,,,,,,,"final","final_or_free","rigid","other","other",,
71,,,,"free","free",,"final_or_free","other","other",,,,,,,,,,,,"final_or_free","free","other","other",,
1964,"SO","SO","dep-head","V=3","SOV","final","final_or_free","other","other","dep-head",,,,,,,,,,"final","final_or_free","rigid","other","other",,
630,"SO","SO","dep-head","V=3","SOV","final","final_or_free","other","other","dep-head",,,,,,,,,,"final","final_or_free","rigid","other","other",,
674,"SO","SO","dep-head","V=3","SOV","final","final_or_free","other","other","dep-head",,,,,,,,,,"final","final_or_free","rigid","other","other",,
144,"SO","SO","dep-head","V=3","SOV","final","final_or_free","other","other","dep-head",,,,,,,,,,"final","final_or_free","rigid","other","other",,
486,"SO","SO","dep-head","V=3","SOV","final","final_or_free","other","other","dep-head",,,,,,,,,,"final","final_or_free","rigid","other","other",,
2863,"SO","SO","dep-head","V=3","SOV","final","final_or_free","other","other","dep-head",,,,,,,,,,"final","final_or_free","rigid","other","other",,
722,"SO","SO","dep-head","V=3","SOV","final","final_or_free","other","other","dep-head",,,,,,,,,,"final","final_or_free","rigid","other","other",,
43,"SO","SO","dep-head","V=3","SOV","final","final_or_free","other","other","dep-head",,,,,,,,,,"final","final_or_free","rigid","other","other",,
1645,"SO","SO","dep-head","V=3","SOV","final","final_or_free","other","other","dep-head",,,,,,,,,,"final","final_or_free","rigid","other","other",,
204,"SO","SO","dep-head","V=3","SOV","final","final_or_free","other","other","dep-head",,,,,,,,,,"final","final_or_free","rigid","other","other",,
1577,"SO","SO","dep-head","V=3","SOV","final","final_or_free","other","other","dep-head",,,,,,,,,,"final","final_or_free","rigid","other","other",,
1691,"SO","SO","dep-head","V=3","SOV","final","final_or_free","other","other","dep-head",,,,,,,,,,"final","final_or_free","rigid","other","other",,
403,"SO","SO","dep-head","V=3","SOV","final","final_or_free","other","other","dep-head",,,,,,,,,,"final","final_or_free","rigid","other","other",,
390,"OS","OS","head-dep","V=2","OVS","non_final","other","other","medial","dep-head",,,,,,,,,,"non_final","other","rigid","other","medial",,
48,"SO","SO","head-dep","V=1","VSO","non_final","other","initial","other","head-dep",,,,,,,,,,"non_final","other","rigid","initial","other",,
659,"SO","SO","dep-head","V=3","SOV","final","final_or_free","other","other","dep-head",,,,,,,,,,"final","final_or_free","rigid","other","other",,
206,"SO","SO","dep-head","V=3","SOV","final","final_or_free","other","other","dep-head",,,,,,,,,,"final","final_or_free","rigid","other","other",,
53,"SO","SO","dep-head","V=3","SOV","final","final_or_free","other","other","dep-head",,,,,,,,,,"final","final_or_free","rigid","other","other",,
558,"SO","SO","dep-head","V=3","SOV","final","final_or_free","other","other","dep-head",,,,,,,,,,"final","final_or_free","rigid","other","other",,
342,"SO","SO","head-dep","V=1","VSO","non_final","other","initial","other","head-dep",,,,,,,,,,"non_final","other","rigid","initial","other",,
1615,"SO","SO","dep-head","V=3","SOV","final","final_or_free","other","other","dep-head",,,,,,,,,,"final","final_or_free","rigid","other","other",,
2865,"SO","SO","dep-head","V=3","SOV","final","final_or_free","other","other","dep-head",,,,,,,,,,"final","final_or_free","rigid","other","other",,
2871,"SO","SO","dep-head","V=3","SOV","final","final_or_free","other","other","dep-head",,,,,,,,,,"final","final_or_free","rigid","other","other",,
1763,"SO","SO","dep-head","V=3","SOV","final","final_or_free","other","other","dep-head",,,,,,,,,,"final","final_or_free","rigid","other","other",,
2514,"SO","SO","dep-head","V=3","SOV","final","final_or_free","other","other","dep-head",,,,,,,,,,"final","final_or_free","rigid","other","other",,
669,"SO","SO","dep-head","V=3","SOV","final","final_or_free","other","other","dep-head",,,,,,,,,,"final","final_or_free","rigid","other","other",,
2923,"SO","SO","dep-head","V=3","SOV","final","final_or_free","other","other","dep-head",,,,,,,,,,"final","final_or_free","rigid","other","other",,
527,"SO","SO","dep-head","V=3","SOV","final","final_or_free","other","other","dep-head",,,,,,,,,,"final","final_or_free","rigid","other","other",,
1094,"SO","SO","dep-head","V=3","SOV","final","final_or_free","other","other","dep-head",,,,,,,,,,"final","final_or_free","rigid","other","other",,
2927,"SO","SO","dep-head","V=3","SOV","final","final_or_free","other","other","dep-head",,,,,,,,,,"final","final_or_free","rigid","other","other",,
632,"SO","SO","dep-head","V=3","SOV","final","final_or_free","other","other","dep-head",,,,,,,,,,"final","final_or_free","rigid","other","other",,
1775,"SO","SO","dep-head","V=3","SOV","final","final_or_free","other","other","dep-head",,,,,,,,,,"final","final_or_free","rigid","other","other",,
338,"SO","SO","head-dep","V=1","VSO","non_final","other","initial","other","head-dep",,,,,,,,,,"non_final","other","rigid","initial","other",,
88,"SO","SO","head-dep","V=1","VSO","non_final","other","initial","other","head-dep",,,,,,,,,,"non_final","other","rigid","initial","other",,
431,"SO","SO","head-dep","V=1","VSO","non_final","other","initial","other","head-dep",,,,,,,,,,"non_final","other","rigid","initial","other",,
1623,"SO","SO","head-dep","V=1","VSO","non_final","other","initial","other","head-dep",,,,,,,,,,"non_final","other","rigid","initial","other",,
438,"SO","SO","dep-head","V=2","SVO","non_final","other","other","medial","head-dep",,,,,,,,,,"non_final","other","rigid","other","medial",,
113,"OS","OS","head-dep","V=1","VOS","non_final","other","initial","other","head-dep",,,,,,,,,,"non_final","other","rigid","initial","other",,
642,"SO","SO","dep-head","V=2","SVO","non_final","other","other","medial","head-dep",,,,,,,,,,"non_final","other","rigid","other","medial",,
332,"OS","OS","head-dep","V=1","VOS","non_final","other","initial","other","head-dep",,,,,,,,,,"non_final","other","rigid","initial","other",,
74,"SO","SO","dep-head","V=2","SVO","non_final","other","other","medial","head-dep",,,,,,,,,,"non_final","other","rigid","other","medial",,
500,"SO","SO","dep-head","V=2","SVO","non_final","other","other","medial","head-dep",,,,,,,,,,"non_final","other","rigid","other","medial",,
226,"SO","SO","dep-head","V=2","SVO","non_final","other","other","medial","head-dep",,,,,,,,,,"non_final","other","rigid","other","medial",,
80,"SO","SO","dep-head","V=2","SVO","non_final","other","other","medial","head-dep",,,,,,,,,,"non_final","other","rigid","other","medial",,
365,"SO","SO","dep-head","V=2","SVO","non_final","other","other","medial","head-dep",,,,,,,,,,"non_final","other","rigid","other","medial",,
424,"SO","SO","dep-head","V=2","SVO","non_final","other","other","medial","head-dep",,,,,,,,,,"non_final","other","rigid","other","medial",,
996,"SO","SO","dep-head","V=2","SVO","non_final","other","other","medial","head-dep",,,,,,,,,,"non_final","other","rigid","other","medial",,
504,"SO","SO","dep-head","V=2","SVO","non_final","other","other","medial","head-dep",,,,,,,,,,"non_final","other","rigid","other","medial",,
653,"SO","SO","dep-head","V=2","SVO","non_final","other","other","medial","head-dep",,,,,,,,,,"non_final","other","rigid","other","medial",,
371,"SO","SO","dep-head","V=2","SVO","non_final","other","other","medial","head-dep",,,,,,,,,,"non_final","other","rigid","other","medial",,
551,"OS","OS","head-dep","V=1","VOS","non_final","other","initial","other","head-dep",,,,,,,,,,"non_final","other","rigid","initial","other",,
540,"SO","SO","dep-head","V=2","SVO","non_final","other","other","medial","head-dep",,,,,,,,,,"non_final","other","rigid","other","medial",,
682,"OS","OS","head-dep","V=1","VOS","non_final","other","initial","other","head-dep",,,,,,,,,,"non_final","other","rigid","initial","other",,
645,"SO","SO","dep-head","V=2","SVO","non_final","other","other","medial","head-dep",,,,,,,,,,"non_final","other","rigid","other","medial",,
106,"SO","SO","dep-head","V=2","SVO","non_final","other","other","medial","head-dep",,,,,,,,,,"non_final","other","rigid","other","medial",,
408,"SO","SO","dep-head","V=2","SVO","non_final","other","other","medial","head-dep",,,,,,,,,,"non_final","other","rigid","other","medial",,
374,"SO","SO","dep-head","V=2","SVO","non_final","other","other","medial","head-dep",,,,,,,,,,"non_final","other","rigid","other","medial",,
17,"SO","SO","dep-head","V=2","SVO","non_final","other","other","medial","head-dep",,,,,,,,,,"non_final","other","rigid","other","medial",,
75,"SO","SO","dep-head","V=2","SVO","non_final","other","other","medial","head-dep",,,,,,,,,,"non_final","other","rigid","other","medial",,
402,"SO","SO","dep-head","V=2","SVO","non_final","other","other","medial","head-dep",,,,,,,,,,"non_final","other","rigid","other","medial",,
725,"SO","SO","dep-head","V=2","SVO","non_final","other","other","medial","head-dep",,,,,,,,,,"non_final","other","rigid","other","medial",,
466,"SO","SO","dep-head","V=2","SVO","non_final","other","other","medial","head-dep",,,,,,,,,,"non_final","other","rigid","other","medial",,
44,,,"head-dep","V=1","Vxx","non_final","other","initial","other","head-dep",,,,,,,,,,"non_final","other","flexible","initial","other",,
1208,"SO","SO","dep-head","V=2","SVO","non_final","other","other","medial","head-dep",,,,,,,,,,"non_final","other","rigid","other","medial",,
1505,,,"head-dep","V=1","Vxx","non_final","other","initial","other","head-dep",,,,,,,,,,"non_final","other","flexible","initial","other",,
2973,"SO","SO","dep-head","V=2","SVO","non_final","other","other","medial","head-dep",,,,,,,,,,"non_final","other","rigid","other","medial",,
148,"SO","SO","dep-head","V=2","SVO","non_final","other","other","medial","head-dep",,,,,,,,,,"non_final","other","rigid","other","medial",,
13,"SO","SO","dep-head","V=2","SVO","non_final","other","other","medial","head-dep",,,,,,,,,,"non_final","other","rigid","other","medial",,
1597,"SO","SO","dep-head","V=2","SVO","non_final","other","other","medial","head-dep",,,,,,,,,,"non_final","other","rigid","other","medial",,
2990,"SO","SO","dep-head","V=2","SVO","non_final","other","other","medial","head-dep",,,,,,,,,,"non_final","other","rigid","other","medial",,
604,"SO","SO","dep-head","V=2","SVO","non_final","other","other","medial","head-dep",,,,,,,,,,"non_final","other","rigid","other","medial",,
369,"SO","SO","dep-head","V=2","SVO","non_final","other","other","medial","head-dep",,,,,,,,,,"non_final","other","rigid","other","medial",,
1671,"SO","SO","dep-head","V=2","SVO","non_final","other","other","medial","head-dep",,,,,,,,,,"non_final","other","rigid","other","medial",,
405,"SO","SO","dep-head","V=2","SVO","non_final","other","other","medial","head-dep",,,,,,,,,,"non_final","other","rigid","other","medial",,
2904,"SO","SO","dep-head","V=2","SVO","non_final","other","other","medial","head-dep",,,,,,,,,,"non_final","other","rigid","other","medial",,
85,"SO","SO","dep-head","V=2","SVO","non_final","other","other","medial","head-dep",,,,,,,,,,"non_final","other","rigid","other","medial",,
400,"SO","SO","dep-head","V=2","SVO","non_final","other","other","medial","head-dep",,,,,,,,,,"non_final","other","rigid","other","medial",,
553,"SO","SO","dep-head","V=2","SVO","non_final","other","other","medial","head-dep",,,,,,,,,,"non_final","other","rigid","other","medial",,
177,"SO","SO","dep-head","V=2","SVO","non_final","other","other","medial","head-dep",,,,,,,,,,"non_final","other","rigid","other","medial",,
25,"SO","SO","dep-head","V=2","SVO","non_final","other","other","medial","head-dep",,,,,,,,,,"non_final","other","rigid","other","medial",,
89,"SO","SO","dep-head","V=2","SVO","non_final","other","other","medial","head-dep",,,,,,,,,,"non_final","other","rigid","other","medial",,
2989,"SO","SO","dep-head","V=2","SVO","non_final","other","other","medial","head-dep",,,,,,,,,,"non_final","other","rigid","other","medial",,
78,"SO","SO","dep-head","V=2","SVO","non_final","other","other","medial","head-dep",,,,,,,,,,"non_final","other","rigid","other","medial",,
2498,"SO","SO","dep-head","V=2","SVO","non_final","other","other","medial","head-dep",,,,,,,,,,"non_final","other","rigid","other","medial",,
180,"SO","SO","dep-head","V=2","SVO","non_final","other","other","medial","head-dep",,,,,,,,,,"non_final","other","rigid","other","medial",,
2898,"SO","SO","dep-head","V=2","SVO","non_final","other","other","medial","head-dep",,,,,,,,,,"non_final","other","rigid","other","medial",,
171,"SO","SO","dep-head","V=2","SVO","non_final","other","other","medial","head-dep",,,,,,,,,,"non_final","other","rigid","other","medial",,
91,"SO","SO","dep-head","V=2","SVO","non_final","other","other","medial","head-dep",,,,,,,,,,"non_final","other","rigid","other","medial",,
582,"SO","SO","dep-head","V=2","SVO","non_final","other","other","medial","head-dep",,,,,,,,,,"non_final","other","rigid","other","medial",,
39,"SO","SO","dep-head","V=2","SVO","non_final","other","other","medial","head-dep",,,,,,,,,,"non_final","other","rigid","other","medial",,
569,"SO","SO","dep-head","V=2","SVO","non_final","other","other","medial","head-dep",,,,,,,,,,"non_final","other","rigid","other","medial",,
2943,"SO","SO","dep-head","V=2","SVO","non_final","other","other","medial","head-dep",,,,,,,,,,"non_final","other","rigid","other","medial",,
997,"SO","SO","dep-head","V=2","SVO","non_final","other","other","medial","head-dep",,,,,,,,,,"non_final","other","rigid","other","medial",,
125,,,,"free","free",,"final_or_free","other","other",,,,,,,,,,,,"final_or_free","free","other","other",,
651,,,,"free","free",,"final_or_free","other","other",,,,,,,,,,,,"final_or_free","free","other","other",,
2878,"SO","SO","dep-head","V=2","SVO","non_final","other","other","medial","head-dep",,,,,,,,,,"non_final","other","rigid","other","medial",,
344,"SO","SO","dep-head","V=2","SVO","non_final","other","other","medial","head-dep",,,,,,,,,,"non_final","other","rigid","other","medial",,
128,,,,"free","free",,"final_or_free","other","other",,,,,,,,,,,,"final_or_free","free","other","other",,
401,,,,"free","free",,"final_or_free","other","other",,,,,,,,,,,,"final_or_free","free","other","other",,
1527,"SO","SO","dep-head","V=2","SVO","non_final","other","other","medial","head-dep",,,,,,,,,,"non_final","other","rigid","other","medial",,
22,"SO","SO","dep-head","V=2","SVO","non_final","other","other","medial","head-dep",,,,,,,,,,"non_final","other","rigid","other","medial",,
1827,"SO","SO","dep-head","V=2","SVO","non_final","other","other","medial","head-dep",,,,,,,,,,"non_final","other","rigid","other","medial",,
359,"SO","SO","dep-head","V=2","SVO","non_final","other","other","medial","head-dep",,,,,,,,,,"non_final","other","rigid","other","medial",,
512,"SO","SO","dep-head","V=2","SVO","non_final","other","other","medial","head-dep",,,,,,,,,,"non_final","other","rigid","other","medial",,
29,"SO","SO","dep-head","V=2","SVO","non_final","other","other","medial","head-dep",,,,,,,,,,"non_final","other","rigid","other","medial",,
515,"SO","SO","dep-head","V=2","SVO","non_final","other","other","medial","head-dep",,,,,,,,,,"non_final","other","rigid","other","medial",,
68,,,,"free","free",,"final_or_free","other","other",,,,,,,,,,,,"final_or_free","free","other","other",,
181,"SO","SO","dep-head","V=2","SVO","non_final","other","other","medial","head-dep",,,,,,,,,,"non_final","other","rigid","other","medial",,
577,,,,"free","free",,"final_or_free","other","other",,,,,,,,,,,,"final_or_free","free","other","other",,
2882,"SO","SO","dep-head","V=2","SVO","non_final","other","other","medial","head-dep",,,,,,,,,,"non_final","other","rigid","other","medial",,
343,"SO","SO","dep-head","V=2","SVO","non_final","other","other","medial","head-dep",,,,,,,,,,"non_final","other","rigid","other","medial",,
1116,,,,"free","free",,"final_or_free","other","other",,,,,,,,,,,,"final_or_free","free","other","other",,
421,"SO","SO","dep-head","V=2","SVO","non_final","other","other","medial","head-dep",,,,,,,,,,"non_final","other","rigid","other","medial",,
98,"SO","SO","dep-head","V=2","SVO","non_final","other","other","medial","head-dep",,,,,,,,,,"non_final","other","rigid","other","medial",,
179,"SO","SO","dep-head","V=2","SVO","non_final","other","other","medial","head-dep",,,,,,,,,,"non_final","other","rigid","other","medial",,
2322,,,,"free","free",,"final_or_free","other","other",,,,,,,,,,,,"final_or_free","free","other","other",,
2934,"SO","SO","dep-head","V=2","SVO","non_final","other","other","medial","head-dep",,,,,,,,,,"non_final","other","rigid","other","medial",,
2851,"SO","SO","dep-head","V=2","SVO","non_final","other","other","medial","head-dep",,,,,,,,,,"non_final","other","rigid","other","medial",,
1682,"SO","SO","dep-head","V=2","SVO","non_final","other","other","medial","head-dep",,,,,,,,,,"non_final","other","rigid","other","medial",,
378,"SO","SO","dep-head","V=2","SVO","non_final","other","other","medial","head-dep",,,,,,,,,,"non_final","other","rigid","other","medial",,
1042,"SO","SO","dep-head","V=2","SVO","non_final","other","other","medial","head-dep",,,,,,,,,,"non_final","other","rigid","other","medial",,
101,"OS","OS","head-dep","V=2","OVS","non_final","other","other","medial","dep-head",,,,,,,,,,"non_final","other","rigid","other","medial",,
565,"OS","OS","head-dep","V=2","OVS","non_final","other","other","medial","dep-head",,,,,,,,,,"non_final","other","rigid","other","medial",,
357,"SO","SO","head-dep","V=1","VSO","non_final","other","initial","other","head-dep",,,,,,,,,,"non_final","other","rigid","initial","other",,
460,"SO","SO","head-dep","V=1","VSO","non_final","other","initial","other","head-dep",,,,,,,,,,"non_final","other","rigid","initial","other",,
55,"SO","SO","head-dep","V=1","VSO","non_final","other","initial","other","head-dep",,,,,,,,,,"non_final","other","rigid","initial","other",,
495,"SO","SO","head-dep","V=1","VSO","non_final","other","initial","other","head-dep",,,,,,,,,,"non_final","other","rigid","initial","other",,
435,"SO","SO","head-dep","V=1","VSO","non_final","other","initial","other","head-dep",,,,,,,,,,"non_final","other","rigid","initial","other",,
362,"SO","SO","head-dep","V=1","VSO","non_final","other","initial","other","head-dep",,,,,,,,,,"non_final","other","rigid","initial","other",,
654,"SO","SO","head-dep","V=1","VSO","non_final","other","initial","other","head-dep",,,,,,,,,,"non_final","other","rigid","initial","other",,
571,"SO","SO","head-dep","V=1","VSO","non_final","other","initial","other","head-dep",,,,,,,,,,"non_final","other","rigid","initial","other",,
564,"SO","SO","head-dep","V=1","VSO","non_final","other","initial","other","head-dep",,,,,,,,,,"non_final","other","rigid","initial","other",,
411,"SO","SO","head-dep","V=1","VSO","non_final","other","initial","other","head-dep",,,,,,,,,,"non_final","other","rigid","initial","other",,
167,"SO","SO","head-dep","V=1","VSO","non_final","other","initial","other","head-dep",,,,,,,,,,"non_final","other","rigid","initial","other",,
459,"SO","SO","head-dep","V=1","VSO","non_final","other","initial","other","head-dep",,,,,,,,,,"non_final","other","rigid","initial","other",,
186,"SO","SO","head-dep","V=1","VSO","non_final","other","initial","other","head-dep",,,,,,,,,,"non_final","other","rigid","initial","other",,
317,"SO","SO","head-dep","V=1","VSO","non_final","other","initial","other","head-dep",,,,,,,,,,"non_final","other","rigid","initial","other",,
414,"SO","SO","head-dep","V=1","VSO","non_final","other","initial","other","head-dep",,,,,,,,,,"non_final","other","rigid","initial","other",,
2801,"SO","SO","head-dep","V=1","VSO","non_final","other","initial","other","head-dep",,,,,,,,,,"non_final","other","rigid","initial","other",,
498,"OS","OS","head-dep","V=1","VOS","non_final","other","initial","other","head-dep",,,,,,,,,,"non_final","other","rigid","initial","other",,
384,"OS","OS","head-dep","V=1","VOS","non_final","other","initial","other","head-dep",,,,,,,,,,"non_final","other","rigid","initial","other",,
585,"OS","OS","head-dep","V=1","VOS","non_final","other","initial","other","head-dep",,,,,,,,,,"non_final","other","rigid","initial","other",,
2997,"OS","OS","head-dep","V=1","VOS","non_final","other","initial","other","head-dep",,,,,,,,,,"non_final","other","rigid","initial","other",,
644,"OS","OS","head-dep","V=1","VOS","non_final","other","initial","other","head-dep",,,,,,,,,,"non_final","other","rigid","initial","other",,
388,"OS","OS","head-dep","V=1","VOS","non_final","other","initial","other","head-dep",,,,,,,,,,"non_final","other","rigid","initial","other",,
576,"OS","OS","head-dep","V=1","VOS","non_final","other","initial","other","head-dep",,,,,,,,,,"non_final","other","rigid","initial","other",,
492,"OS","OS","head-dep","V=1","VOS","non_final","other","initial","other","head-dep",,,,,,,,,,"non_final","other","rigid","initial","other",,
491,"OS","OS","head-dep","V=1","VOS","non_final","other","initial","other","head-dep",,,,,,,,,,"non_final","other","rigid","initial","other",,
84,"OS","OS","head-dep","V=1","VOS","non_final","other","initial","other","head-dep",,,,,,,,,,"non_final","other","rigid","initial","other",,
1660,"OS","OS","head-dep","V=1","VOS","non_final","other","initial","other","head-dep",,,,,,,,,,"non_final","other","rigid","initial","other",,
138,,,"dep-head","V=3","xxV","final","final_or_free","other","other","dep-head",,,,,,,,,,"final","final_or_free","flexible","other","other",,
528,,,"dep-head","V=3","xxV","final","final_or_free","other","other","dep-head",,,,,,,,,,"final","final_or_free","flexible","other","other",,
27,,,"dep-head","V=3","xxV","final","final_or_free","other","other","dep-head",,,,,,,,,,"final","final_or_free","flexible","other","other",,
210,,,"dep-head","V=3","xxV","final","final_or_free","other","other","dep-head",,,,,,,,,,"final","final_or_free","flexible","other","other",,
416,,,"dep-head","V=3","xxV","final","final_or_free","other","other","dep-head",,,,,,,,,,"final","final_or_free","flexible","other","other",,
2972,,,"dep-head","V=3","xxV","final","final_or_free","other","other","dep-head",,,,,,,,,,"final","final_or_free","flexible","other","other",,
399,,,"dep-head","V=3","xxV","final","final_or_free","other","other","dep-head",,,,,,,,,,"final","final_or_free","flexible","other","other",,
426,,,"head-dep","V=1","Vxx","non_final","other","initial","other","head-dep",,,,,,,,,,"non_final","other","flexible","initial","other",,
346,,,"head-dep","V=1","Vxx","non_final","other","initial","other","head-dep",,,,,,,,,,"non_final","other","flexible","initial","other",,
328,,,"head-dep","V=1","Vxx","non_final","other","initial","other","head-dep",,,,,,,,,,"non_final","other","flexible","initial","other",,
2544,,,"head-dep","V=1","Vxx","non_final","other","initial","other","head-dep",,,,,,,,,,"non_final","other","flexible","initial","other",,
442,,,"head-dep","V=1","Vxx","non_final","other","initial","other","head-dep",,,,,,,,,,"non_final","other","flexible","initial","other",,
327,,,"head-dep","V=1","Vxx","non_final","other","initial","other","head-dep",,,,,,,,,,"non_final","other","flexible","initial","other",,
318,,,,"free","free",,"final_or_free","other","other",,,,,,,,,,,,"final_or_free","free","other","other",,
815,,,,"free","free",,"final_or_free","other","other",,,,,,,,,,,,"final_or_free","free","other","other",,
409,,,,"free","free",,"final_or_free","other","other",,,,,,,,,,,,"final_or_free","free","other","other",,
356,,,,"free","free",,"final_or_free","other","other",,,,,,,,,,,,"final_or_free","free","other","other",,
879,,,,"free","free",,"final_or_free","other","other",,,,,,,,,,,,"final_or_free","free","other","other",,
1056,,,,"free","free",,"final_or_free","other","other",,,,,,,,,,,,"final_or_free","free","other","other",,
383,,,,"free","free",,"final_or_free","other","other",,,,,,,,,,,,"final_or_free","free","other","other",,
1364,,,,"free","free",,"final_or_free","other","other",,,,,,,,,,,,"final_or_free","free","other","other",,
464,,,,"free","free",,"final_or_free","other","other",,,,,,,,,,,,"final_or_free","free","other","other",,
351,,,,"free","free",,"final_or_free","other","other",,,,,,,,,,,,"final_or_free","free","other","other",,
211,,,,"free","free",,"final_or_free","other","other",,,,,,,,,,,,"final_or_free","free","other","other",,
208,,,,"free","free",,"final_or_free","other","other",,,,,,,,,,,,"final_or_free","free","other","other",,
658,,,,"free","free",,"final_or_free","other","other",,,,,,,,,,,,"final_or_free","free","other","other",,
2939,,,,"free","free",,"final_or_free","other","other",,,,,,,,,,,,"final_or_free","free","other","other",,
198,,,,"free","free",,"final_or_free","other","other",,,,,,,,,,,,"final_or_free","free","other","other",,
56,,,,"free","free",,"final_or_free","other","other",,,,,,,,,,,,"final_or_free","free","other","other",,
493,,,,"free","free",,"final_or_free","other","other",,,,,,,,,,,,"final_or_free","free","other","other",,
2233,,,,"free","free",,"final_or_free","other","other",,,,,,,,,,,,"final_or_free","free","other","other",,
412,,,,"free","free",,"final_or_free","other","other",,,,,,,,,,,,"final_or_free","free","other","other",,
785,,,,"free","free",,"final_or_free","other","other",,,,,,,,,,,,"final_or_free","free","other","other",,
1142,,,,"free","free",,"final_or_free","other","other",,,,,,,,,,,,"final_or_free","free","other","other",,
2359,,,,"free","free",,"final_or_free","other","other",,,,,,,,,,,,"final_or_free","free","other","other",,
455,,,,"free","free",,"final_or_free","other","other",,,,,,,,,,,,"final_or_free","free","other","other",,
692,,,,"free","free",,"final_or_free","other","other",,,,,,,,,,,,"final_or_free","free","other","other",,
149,,,,"free","free",,"final_or_free","other","other",,,,,,,,,,,,"final_or_free","free","other","other",,
673,,,,"free","free",,"final_or_free","other","other",,,,,,,,,,,,"final_or_free","free","other","other",,
2920,,,,"free","free",,"final_or_free","other","other",,,,,,,,,,,,"final_or_free","free","other","other",,
2958,,,,"free","free",,"final_or_free","other","other",,,,,,,,,,,,"final_or_free","free","other","other",,
420,,,,"free","free",,"final_or_free","other","other",,,,,,,,,,,,"final_or_free","free","other","other",,
2706,,,,"free","free",,"final_or_free","other","other",,,,,,,,,,,,"final_or_free","free","other","other",,
319,,,,"free","free",,"final_or_free","other","other",,,,,,,,,,,,"final_or_free","free","other","other",,
661,,,,"free","free",,"final_or_free","other","other",,,,,,,,,,,,"final_or_free","free","other","other",,
112,,,,"free","free",,"final_or_free","other","other",,,,,,,,,,,,"final_or_free","free","other","other",,
1129,,,,"free","free",,"final_or_free","other","other",,,,,,,,,,,,"final_or_free","free","other","other",,
404,,,,"free","free",,"final_or_free","other","other",,,,,,,,,,,,"final_or_free","free","other","other",,
